global_step,shapley,ghost_score,jiacheng_score
100,0.28502074196419885,2.46875,1.4140625
100,-0.20346374724992872,0.8203125,0.61328125
100,0.20832088605296611,2.578125,1.34375
100,-0.04827605321653175,1.625,0.80859375
100,0.01923194574522693,1.7734375,0.79296875
100,0.4151741570170284,3.03125,1.640625
100,-0.10998325142739208,1.3203125,0.80078125
100,0.17408250316306975,2.140625,1.4921875
100,0.1056060111925834,1.8203125,1.0859375
100,0.36706726988831456,2.75,1.515625
100,0.3363823023385033,2.78125,1.5078125
100,0.34308931262422504,2.890625,1.4609375
100,0.22192215836463874,2.5625,1.4765625
100,-0.08173722667848636,1.3046875,0.8203125
100,-0.09740070029254598,1.5625,0.7578125
100,0.31764923738912976,2.6875,1.375
200,0.22509655606979811,2.625,1.3125
200,0.0021946508732153375,1.7890625,1.0
200,0.2724638825421543,2.515625,1.3671875
200,-0.11931805007600912,1.0703125,0.6640625
200,0.010987691952145096,1.5,0.828125
200,0.32562141147697793,2.796875,1.7421875
200,0.31641435993476974,2.5,1.375
200,-0.07420034275620219,1.5,0.76953125
200,-0.10416535398737566,1.203125,0.59375
200,0.05104795686626728,2.109375,1.0546875
200,0.18560138337682247,2.4375,1.25
200,0.16350880121939673,2.28125,1.21875
200,0.2778442867245601,2.75,1.5546875
200,0.09563690294622937,2.0625,1.1640625
200,0.34321477524753896,2.90625,1.71875
200,0.18210382196471064,2.296875,1.3203125
300,-0.12788444078707742,1.1015625,0.7265625
300,-0.15396500316090134,1.046875,0.76953125
300,0.26191667989128914,2.5625,1.2734375
300,0.21532967341902906,2.546875,1.6015625
300,0.3224425746454073,3.3125,2.03125
300,0.026905359505945466,1.8828125,0.96484375
300,0.31188545264414447,2.5,1.421875
300,-0.1803464260240625,0.65625,1.390625
300,0.16330306031858768,2.328125,1.2421875
300,0.018960910237765718,1.4296875,1.375
300,0.38080627849797755,2.890625,1.875
300,0.3863146449470674,2.6875,1.625
300,0.23025457039705124,2.703125,1.4296875
300,0.15063977763772696,2.296875,1.2578125
300,-0.05794272371508705,1.421875,0.83984375
300,0.22862570529513856,2.359375,1.1796875
400,0.13792002952559593,2.4375,1.1953125
400,0.14798794299775728,2.421875,1.265625
400,-0.007804213803774365,1.875,0.8125
400,-0.13509978897513092,1.2734375,0.66015625
400,-0.022785357535259874,1.421875,0.8359375
400,-0.13114489203288018,1.3046875,0.6171875
400,0.3362593146328502,2.671875,1.3984375
400,0.11267244012497914,1.8984375,1.0703125
400,0.3489100144484421,2.6875,1.546875
400,0.008600151795903786,1.5,0.99609375
400,0.3433247138440988,2.8125,1.5390625
400,0.010492576450242463,1.75,0.88671875
400,0.38320070170714726,2.625,1.4921875
400,0.18586414569046375,2.296875,1.21875
400,0.12298384752725586,2.203125,1.234375
400,0.3693117329773091,2.578125,1.4453125
500,-0.006453396690115458,1.4296875,0.8984375
500,0.3836892020441579,2.875,1.5234375
500,0.1348048259926922,2.015625,1.1796875
500,0.18119791004622557,2.0625,1.3984375
500,-0.2795635826792572,0.12060546875,0.061767578125
500,0.2034567659445584,2.40625,1.2421875
500,-0.11506651633956351,0.8203125,0.486328125
500,-0.03541079176357497,1.4140625,0.89453125
500,0.13857687133016727,1.9609375,1.28125
500,0.015304180891265874,1.625,0.8359375
500,0.3858669322620737,2.96875,1.4921875
500,-0.20278799447351753,0.54296875,0.392578125
500,0.3540813955304676,2.734375,1.578125
500,0.3213503764762796,2.984375,1.7109375
500,0.2919644820213428,2.59375,1.390625
500,0.24668953471929614,2.375,1.453125
600,0.32473450911068064,2.75,1.625
600,0.2523243036016714,2.53125,1.390625
600,0.4064794667544915,2.6875,1.6875
600,0.05766358472527896,1.90625,0.99609375
600,0.5232555281415636,3.140625,1.5625
600,0.0032788380076954446,1.59375,0.90625
600,-0.1032523269753248,1.1328125,0.80859375
600,-0.07098664525036599,1.265625,0.734375
600,-0.02819099048466721,1.5,0.80078125
600,0.31266120114965323,2.625,1.40625
600,-0.019493656606522806,1.6953125,0.9140625
600,0.24368812849205895,2.4375,1.3046875
600,-0.24854234490010896,0.384765625,0.251953125
600,0.2884930558617811,2.546875,1.453125
600,0.043725874410420314,1.7421875,0.98828125
600,0.09753549739919375,2.140625,1.109375
700,-0.04389129645311275,1.234375,0.86328125
700,0.08797547613519299,1.828125,1.1015625
700,0.030147302984558817,1.7578125,0.96875
700,0.3224995675385814,2.546875,1.3359375
700,0.04480109246222535,1.6953125,0.95703125
700,0.08018501551616793,1.6328125,0.99609375
700,0.2589314714799089,2.484375,1.3203125
700,0.27980061866302086,2.453125,1.3046875
700,0.022478509180706395,1.7265625,0.99609375
700,0.017036553848712038,1.4140625,0.8203125
700,0.014030854784321551,2.171875,0.80859375
700,-0.21447579942301667,0.48828125,0.287109375
700,0.3611335019472721,2.859375,1.4921875
700,-0.06411002029112389,1.3125,0.8984375
700,0.4653159422446043,3.203125,1.640625
700,0.42969394375698045,2.796875,1.5078125
800,0.133450448227987,2.171875,1.2578125
800,0.09733087512530864,2.0,1.046875
800,0.2714939399250924,2.71875,1.4453125
800,0.18534791730621852,2.21875,1.1796875
800,-0.14116671793917882,0.87109375,0.59375
800,0.10081700582403713,2.0625,1.1328125
800,0.2133624307333291,2.34375,1.2421875
800,0.23487494942123846,2.34375,1.34375
800,0.2597108643635008,2.03125,1.125
800,0.2588656440889839,2.109375,1.265625
800,0.2876243481236646,2.453125,1.265625
800,0.06533460182395728,1.7890625,0.98046875
800,-0.0973847756627053,1.1171875,0.796875
800,-0.07288730547880937,1.3046875,0.7890625
800,0.26986569078707817,2.390625,1.3203125
800,-0.0143938229197018,1.2890625,0.73828125
900,0.3970633146692721,2.6875,1.5234375
900,0.1800306018471546,2.4375,1.359375
900,-0.10730678881123197,1.28125,0.61328125
900,0.37943575301109406,2.71875,1.515625
900,0.24901576577719178,2.296875,1.2265625
900,0.042315367423375286,1.734375,1.046875
900,0.170739463130186,2.171875,1.140625
900,0.4023745880638453,2.828125,1.4765625
900,0.31968115295620203,2.671875,1.4453125
900,0.09350902611386015,1.8828125,1.0
900,0.07609669877106384,1.953125,1.1171875
900,0.18008588345790474,2.28125,1.1953125
900,-0.11158214557794631,1.171875,0.7265625
900,-0.29494532203365204,0.181640625,0.310546875
900,0.1824807307655452,1.9921875,1.1640625
900,-0.07085932393886488,1.171875,0.78515625
1000,0.1524446148577981,2.421875,1.2578125
1000,0.29159975450981274,3.015625,1.9453125
1000,0.09332119652266126,2.21875,1.265625
1000,0.2351527997393229,2.34375,1.2578125
1000,0.14358268611813543,2.203125,1.2578125
1000,-0.23802948284354541,0.80859375,0.6484375
1000,0.2842361699173223,2.71875,1.328125
1000,0.4484609169801546,3.203125,1.6875
1000,0.2692065635753134,2.625,1.5703125
1000,0.2629576416096923,2.546875,1.4375
1000,0.09830741620575587,2.09375,1.1796875
1000,0.3665115385699378,2.65625,1.5546875
1000,-0.025982966848689528,1.8671875,0.9296875
1000,-0.1820312560811578,1.0,0.68359375
1000,0.3232926729845674,2.78125,1.7734375
1000,-0.10310839081708198,1.53125,0.76953125
1100,0.07186749142784286,1.953125,1.1171875
1100,-0.04502485536382024,1.65625,1.0546875
1100,0.21494413961689332,2.515625,1.3984375
1100,0.19366860267553648,2.203125,1.5546875
1100,0.27145602825993403,2.640625,1.4609375
1100,0.046582701955162856,2.015625,1.171875
1100,0.33835029206904216,2.8125,1.453125
1100,0.12375997767423572,2.28125,1.203125
1100,-0.16450522237094506,0.81640625,0.63671875
1100,-0.002578987256233343,1.6328125,1.0703125
1100,0.36114430741784254,2.859375,1.546875
1100,0.297667357306322,2.453125,1.3515625
1100,0.06572144869019882,1.8203125,0.99609375
1100,0.301603181898397,2.6875,1.4140625
1100,-0.05509774068162728,1.5078125,0.8203125
1100,0.2113983079312183,2.453125,1.390625
1200,0.31792928017078464,2.734375,1.515625
1200,0.38154108470197307,3.125,1.6640625
1200,0.24089607155539777,2.671875,1.3671875
1200,-0.27084334579808206,0.486328125,0.8203125
1200,0.3699203873275158,2.828125,1.546875
1200,0.15539669285792335,2.15625,1.1953125
1200,0.07893833719448967,2.0,1.0859375
1200,0.13281655440913237,2.125,1.4296875
1200,-0.19360627419997556,0.8515625,0.5859375
1200,0.21214760376884423,2.484375,1.390625
1200,0.19187971610095664,2.390625,1.2734375
1200,0.42079318895622597,2.828125,1.4921875
1200,0.17890472249105055,2.453125,1.453125
1200,-0.1439660920080354,1.015625,0.66796875
1200,-0.02221242285817477,1.8203125,0.9296875
1200,0.25048988595497396,2.734375,1.4375
1300,0.30910563739645713,2.609375,1.3671875
1300,-0.16800951443846962,0.88671875,0.52734375
1300,0.031386122227381984,1.765625,0.8984375
1300,0.27901817331431594,2.5625,1.3671875
1300,0.06552605232224354,1.9453125,1.0234375
1300,-0.04972254619295635,1.59375,0.82421875
1300,0.47024351524126873,2.65625,1.484375
1300,-0.14925303708877952,0.85546875,0.52734375
1300,0.3019244879090097,2.8125,1.5078125
1300,0.06600507120375292,1.8671875,0.99609375
1300,0.2807934696976201,2.796875,1.453125
1300,-0.129720191413404,1.25,0.625
1300,0.337434362252331,2.59375,1.4765625
1300,-0.025402415905492005,1.765625,0.9296875
1300,0.23843682701304766,2.390625,1.28125
1300,0.21962656458667187,2.328125,1.25
1400,0.25561475044595183,2.265625,1.359375
1400,0.31946942607902107,2.53125,1.3984375
1400,-0.19791737180191787,0.484375,0.98046875
1400,-0.1868567575626413,0.6015625,0.453125
1400,0.0845202590432572,1.71875,0.90625
1400,0.4502476729000174,2.78125,1.515625
1400,0.14559954710545528,1.921875,0.99609375
1400,0.22782106468293004,2.25,1.1640625
1400,0.24530180757014283,2.234375,1.2890625
1400,-0.10269122846825479,1.125,0.66015625
1400,-0.05452286933715166,1.21875,0.83203125
1400,-0.04835980914430625,1.2265625,0.90234375
1400,0.09847078463528669,2.046875,1.15625
1400,0.38066333330027136,2.765625,1.546875
1400,0.09814911557355407,1.875,0.96875
1400,0.18744437654088514,1.8359375,1.125
1500,0.3554474859342044,2.96875,1.625
1500,-0.09622457877951042,2.0625,0.7734375
1500,0.047055900019034785,2.046875,1.109375
1500,0.002218199991198035,1.8125,0.97265625
1500,0.2612143045539531,2.6875,1.6640625
1500,0.433699506060346,2.953125,1.59375
1500,0.38590865871324836,2.765625,1.5390625
1500,0.18787653466325346,2.34375,1.296875
1500,-0.21414300653231313,0.6875,0.734375
1500,0.44225346480234207,3.0,1.6875
1500,0.025452514743286195,2.046875,1.0625
1500,0.5959610738057509,2.890625,1.65625
1500,0.20105553090572606,2.546875,1.3515625
1500,-0.28163154335356494,0.59375,0.466796875
1500,-0.17241272105173477,1.0703125,0.67578125
1500,0.2786612536497795,2.765625,1.4921875
1600,0.2635919456194846,2.546875,1.6484375
1600,0.08162731671540266,2.046875,1.2734375
1600,0.24090712533993777,2.53125,1.3359375
1600,-0.1252165333364549,1.1875,0.8359375
1600,-0.07793144650488397,1.3515625,0.828125
1600,0.21692476605425842,2.515625,1.2734375
1600,0.20065448713612755,1.984375,1.078125
1600,0.12960983718971997,2.34375,1.1875
1600,0.40301568487935674,2.75,1.4609375
1600,0.21672415850208818,2.421875,1.3984375
1600,0.09522199657980894,1.9375,1.0546875
1600,0.39349585033022527,2.59375,1.546875
1600,0.10014820149468585,2.453125,1.125
1600,0.05795542632280903,1.8828125,1.0
1600,0.00812219143703518,1.6640625,0.94921875
1600,0.010969304740398518,1.6328125,1.109375
1700,0.05222411815614943,1.765625,0.9375
1700,0.025828735744507225,1.7109375,0.93359375
1700,0.23513225259441045,2.375,1.3046875
1700,0.022250351509384644,1.578125,1.078125
1700,-0.06622560298859116,0.890625,1.0390625
1700,0.24313201558641007,2.359375,1.359375
1700,0.45667200112170697,3.1875,1.5390625
1700,-0.16398966383009345,0.65625,0.458984375
1700,0.235770966126972,2.328125,1.2421875
1700,-0.11865316962226141,0.89453125,0.5859375
1700,0.36847813993189965,2.78125,1.515625
1700,-0.05415594708568345,1.7265625,0.64453125
1700,0.08597933245140277,1.953125,1.0703125
1700,0.19461966019549062,2.25,1.1484375
1700,0.3562102616296465,2.5625,1.578125
1700,0.04884568910364809,1.5859375,0.9921875
1800,0.2848424700516495,2.578125,1.3671875
1800,0.06856744667008334,1.890625,0.96484375
1800,0.1562302663699148,2.15625,1.1640625
1800,0.5591034757776936,3.15625,1.703125
1800,0.11995514593913023,2.078125,1.0859375
1800,0.23635451066945223,2.40625,1.375
1800,-0.09443245873050564,1.3203125,0.734375
1800,-0.14695668150209196,0.796875,0.66796875
1800,-0.0597184929762078,1.125,0.69140625
1800,-0.10601328127167962,1.4296875,0.62109375
1800,0.028401552538173662,1.9609375,1.03125
1800,0.3281356646933791,2.546875,1.3984375
1800,0.208784879822868,2.4375,1.234375
1800,0.1705427971551019,2.375,1.28125
1800,-0.0017564607376131058,1.4921875,0.91796875
1800,0.29043963428064995,2.640625,1.453125
1900,0.24515673870400456,2.828125,1.5390625
1900,0.22643761386725264,2.71875,1.765625
1900,0.35637980728581264,3.0625,1.6953125
1900,0.2631927047941208,2.828125,1.65625
1900,0.4429545059757954,2.890625,1.5078125
1900,0.18522160169474616,2.421875,1.390625
1900,0.5934891672238354,3.296875,1.8828125
1900,0.20863822025413795,2.578125,1.3203125
1900,-0.2610771480310051,0.5703125,0.64453125
1900,-0.1352221786514266,1.4765625,0.74609375
1900,0.15260415665606084,2.40625,1.3359375
1900,0.11190178736736361,2.3125,1.2265625
1900,-0.2609488710616638,0.65625,0.60546875
1900,0.08064224368838627,2.125,1.125
1900,0.3353781702618124,2.75,1.453125
1900,-0.049387191904232866,1.4765625,0.78515625
2000,0.23491552372323854,2.375,1.2421875
2000,-0.13179484488493284,1.0703125,0.498046875
2000,0.35951540230060725,2.71875,1.4765625
2000,0.3100650707419756,2.46875,1.3515625
2000,-0.05928796244987649,1.40625,0.73046875
2000,-0.08289907402710141,1.40625,0.6796875
2000,0.20038524667606697,2.03125,1.203125
2000,-0.09740541653442053,0.98828125,0.66015625
2000,0.23103763009451533,2.109375,1.1015625
2000,0.11606995871424615,1.984375,1.0625
2000,0.04063587539305308,1.8046875,0.88671875
2000,0.10362885108055989,1.53125,0.94140625
2000,0.2253615508514927,2.15625,1.1328125
2000,0.18924496862187287,2.1875,1.3203125
2000,0.1522744616115221,2.09375,1.5234375
2000,0.10937580496218173,1.7109375,1.015625
2100,0.009041480849879277,1.6796875,0.90234375
2100,0.41060822967180355,2.984375,1.6171875
2100,0.37272074040326,3.09375,1.5859375
2100,-0.1704173199521829,0.9375,0.54296875
2100,0.28797876110434684,2.5,1.4765625
2100,0.14338041678373717,2.28125,1.171875
2100,0.39399834540459505,2.59375,1.359375
2100,-0.10923538796273151,1.0,0.54296875
2100,0.0631996936982288,1.9453125,0.96875
2100,-0.0769398760636065,1.2109375,0.7109375
2100,0.06987412959219591,1.7578125,0.93359375
2100,0.28280595460312236,2.578125,1.3359375
2100,0.2663526898015181,2.53125,1.4921875
2100,0.0856253977251047,2.515625,1.0703125
2100,-0.05798026109090555,1.4609375,1.0859375
2100,0.15642841168163452,2.234375,1.1875
2200,0.23321598839528582,2.53125,1.375
2200,-0.10688405801013211,0.84375,0.7578125
2200,0.37016854212410827,2.890625,1.53125
2200,0.02012841890097751,1.4765625,1.015625
2200,0.19270918324297234,2.171875,1.2109375
2200,-0.06261205712690085,1.2421875,0.65234375
2200,0.3385898378747999,2.453125,1.375
2200,0.17749589338612773,2.3125,1.2421875
2200,0.02539651809778766,1.7109375,0.87109375
2200,-0.02849002782157078,1.4921875,0.7421875
2200,0.1489802504244886,2.015625,1.2265625
2200,-0.21226641573487268,0.54296875,0.345703125
2200,0.07231896569142657,1.9609375,1.0234375
2200,0.31033029423918096,2.640625,1.640625
2200,0.37158106738097035,2.796875,1.4609375
2200,0.16252119268535256,2.015625,1.2890625
2300,-0.11046785705613814,1.5546875,0.76171875
2300,0.11163257141079394,2.125,1.109375
2300,0.42630961613256513,2.828125,1.515625
2300,-0.07919177752585958,1.6171875,0.85546875
2300,0.1908025677447554,2.21875,1.2734375
2300,0.06011534728292537,2.078125,1.0859375
2300,0.30566397007939944,2.546875,1.4609375
2300,0.15216893950233773,2.453125,1.265625
2300,0.2099917912491155,2.234375,1.3203125
2300,0.22992211925444356,2.40625,1.25
2300,-0.07654735942226167,1.3671875,0.77734375
2300,0.4304092245753368,2.921875,1.640625
2300,-0.09406168627379548,1.265625,1.59375
2300,0.06569661171077185,1.84375,1.75
2300,0.20337851513720684,2.296875,1.2890625
2300,0.2295484999484024,2.5625,1.3125
2400,0.13110052536439254,2.390625,1.234375
2400,0.1270668524617743,2.296875,1.2890625
2400,0.3881922765819256,2.859375,1.859375
2400,-0.03448696405590936,1.4453125,0.81640625
2400,-0.0437461002105533,1.6171875,0.80859375
2400,0.021438600808913313,1.84375,0.9921875
2400,-0.027107299774877948,1.15625,0.84375
2400,-0.11974500213328339,1.4453125,0.72265625
2400,0.14474208237509026,2.09375,1.2578125
2400,0.18265419370126404,2.28125,1.8828125
2400,0.21169318088595426,2.4375,1.4140625
2400,0.5886560501564406,3.0,1.7109375
2400,0.26727787824155,2.703125,1.3671875
2400,0.38101878642191106,2.625,1.40625
2400,-0.2096115980590588,0.71484375,0.390625
2400,0.2779659122344667,2.359375,1.515625
2500,0.10691738723516064,1.9296875,1.109375
2500,0.0361678719744882,1.7890625,0.859375
2500,0.2705889816536546,2.484375,1.3515625
2500,-0.08157301468334198,1.140625,2.65625
2500,-0.1609234751955943,0.66015625,0.67578125
2500,-0.141644031939198,0.8359375,0.49609375
2500,0.3021800151291847,2.484375,1.3359375
2500,-0.24014569324989254,0.365234375,0.400390625
2500,0.2214586326677878,2.546875,1.34375
2500,0.30182552300943416,2.515625,1.234375
2500,0.34724315883498,2.6875,1.5859375
2500,0.30913319477018225,2.203125,1.296875
2500,0.1921905668441801,2.328125,1.2265625
2500,0.32648372044351076,2.8125,1.515625
2500,-0.03161110065336146,2.109375,0.8203125
2500,0.24524830222132427,2.265625,1.2578125
2600,0.17830335640921566,2.34375,1.21875
2600,0.08074034902272205,1.953125,1.2109375
2600,-0.08758478096881403,1.65625,0.83984375
2600,0.17158749968022435,2.28125,1.34375
2600,0.40530317168725377,2.890625,1.578125
2600,0.2871335526235915,2.8125,1.484375
2600,0.08403309682938574,1.6640625,1.0859375
2600,0.08093916546777874,2.03125,1.1953125
2600,0.008780096850848792,1.7421875,0.83984375
2600,0.28933601911868534,2.84375,1.546875
2600,0.3326682939402172,2.84375,1.640625
2600,-0.24036569390353557,0.515625,0.3671875
2600,0.34107320963541676,2.78125,1.6171875
2600,0.3080475537537546,2.8125,1.90625
2600,0.30567609755153674,2.75,1.75
2600,-0.25978231582328215,0.310546875,0.19140625
2700,-0.21313641396580896,0.59375,0.48828125
2700,0.22670910813361994,2.484375,1.3515625
2700,0.11393605883049235,2.3125,1.265625
2700,0.4856573150048741,3.046875,2.015625
2700,-0.06919534282991324,1.453125,0.7421875
2700,-0.09368340500645175,1.484375,0.73828125
2700,0.2995596471562292,2.46875,1.4140625
2700,0.0883574995642377,1.9375,1.125
2700,0.26369421832507717,2.46875,1.46875
2700,0.14029458995865232,2.1875,1.15625
2700,-0.06861048249710361,0.8984375,0.5390625
2700,0.16974564754906593,1.921875,0.98828125
2700,0.17121135125724973,2.265625,1.21875
2700,0.5108182900107702,2.84375,1.5703125
2700,-0.16147900271386592,1.171875,0.59375
2700,0.2762576399728745,2.59375,1.375
2800,-0.1950033113208404,0.578125,0.47265625
2800,0.03955842930669598,1.703125,0.90234375
2800,0.0688507751932312,1.5703125,0.87890625
2800,0.16372746404257657,2.171875,1.1484375
2800,0.07033079048230441,1.8046875,0.98828125
2800,0.07885396344107277,1.7890625,0.90234375
2800,0.4914207050219738,2.890625,1.5546875
2800,-0.0760298015352702,1.0703125,0.62890625
2800,0.01939215399671946,1.390625,0.8046875
2800,0.2774790292200204,2.328125,1.1796875
2800,0.04993448102732765,1.7890625,0.91015625
2800,0.2513461461525667,2.3125,1.34375
2800,0.31339667829999834,2.5,1.3515625
2800,0.3062809381509324,2.5,1.328125
2800,0.17631074069431008,1.96875,1.09375
2800,-0.16634234623612093,0.7734375,0.439453125
2900,-0.03208784053403197,1.7578125,0.97265625
2900,0.09042847221680228,2.203125,1.234375
2900,0.15948410459440754,2.421875,1.3828125
2900,0.33679792325187885,2.890625,1.5390625
2900,0.07672944040551463,2.046875,1.125
2900,0.25132047158570564,2.578125,1.5234375
2900,0.422100837454646,2.390625,1.2890625
2900,-0.10368262887286331,1.6171875,0.6640625
2900,0.11034240423747275,2.15625,1.53125
2900,0.08353865875335596,1.8515625,1.296875
2900,0.4435903920677843,3.0,1.671875
2900,0.2396690791792842,2.484375,1.2734375
2900,0.30205563543444397,3.0,1.84375
2900,-0.2070562865574095,0.89453125,0.6171875
2900,0.15183634315445851,2.359375,1.1796875
2900,-0.08019395949644986,1.6796875,0.7734375
3000,0.4124891538691335,3.25,1.6484375
3000,0.10725487793998548,2.0,1.140625
3000,-0.22889190227632605,0.56640625,0.33984375
3000,0.42032845519823014,2.875,1.5703125
3000,0.1482274260136565,2.125,1.171875
3000,-0.014805784124729405,1.640625,0.8515625
3000,-0.01170605500185577,1.4609375,0.84765625
3000,0.13749873463125392,2.3125,1.21875
3000,0.054729513363155874,1.8984375,1.0390625
3000,0.19578376361594133,2.296875,1.3125
3000,-0.013659513625480431,1.546875,1.046875
3000,0.2959859960514742,2.359375,1.2421875
3000,0.29187668335353883,2.796875,1.6328125
3000,0.014078780339669004,1.7109375,1.0546875
3000,0.23042680232636265,2.671875,1.359375
3000,0.17791236520098827,2.359375,1.40625
3100,0.8456154290154279,3.875,1.6015625
3100,0.003815390886240493,1.859375,1.1015625
3100,0.2084115847314575,2.359375,1.3359375
3100,0.17351335654904987,2.375,1.5234375
3100,0.07604652945795538,2.09375,1.2890625
3100,-0.08390079753146146,1.1640625,0.65625
3100,0.2194381740113187,2.609375,1.296875
3100,-0.037318582990360276,1.4921875,0.86328125
3100,-0.01604604431484314,1.4609375,0.79296875
3100,-0.23086094525591583,0.55078125,0.61328125
3100,-0.08554842536478272,1.21875,0.76953125
3100,0.24917335778912902,2.390625,1.359375
3100,0.043594507846753935,2.09375,1.078125
3100,0.4110033485882603,2.96875,1.6171875
3100,0.375795102201401,2.9375,1.71875
3100,0.1365746550053677,2.03125,1.140625
3200,0.006149574871742837,1.46875,0.96484375
3200,0.014979495476040864,1.546875,0.83203125
3200,0.12734649481242488,1.953125,1.1875
3200,0.36003591121199746,2.65625,1.4375
3200,0.24950963850331506,2.09375,1.140625
3200,0.10226193988303368,1.5859375,0.95703125
3200,-0.06788907132364158,1.0546875,0.6328125
3200,0.36775763849594434,2.828125,1.6796875
3200,-0.03311723687418262,1.4140625,0.73046875
3200,0.31979666614987645,2.625,1.4140625
3200,0.1467853344152049,1.9921875,1.03125
3200,0.38306186140384135,2.71875,1.4609375
3200,0.21080020649652015,2.296875,1.234375
3200,-0.1566781640248315,0.796875,0.80078125
3200,0.14436714925292818,2.171875,1.0859375
3200,-0.25201070046896495,0.23828125,0.392578125
3300,0.3057061781534439,2.609375,1.5078125
3300,0.24045375885507692,2.40625,1.3125
3300,0.015488697180640549,1.7890625,0.90234375
3300,0.2359573534050587,2.359375,1.3125
3300,-0.01221882772175743,1.2421875,0.89453125
3300,-0.030843034396159326,1.359375,0.80859375
3300,0.04273738710291446,1.4453125,0.8203125
3300,0.2744999420718171,2.53125,1.40625
3300,-0.19236594319851127,0.486328125,0.53515625
3300,0.3323954723932751,2.609375,1.34375
3300,-0.21611432299796593,0.40625,0.259765625
3300,0.2093270254756095,2.015625,1.1875
3300,0.17379764937753234,2.15625,1.3515625
3300,-0.03970869911880661,1.2109375,0.6796875
3300,0.14987707952312423,1.96875,1.15625
3300,0.38918411201970843,2.625,1.71875
3400,0.40203146729572475,3.09375,1.71875
3400,0.2625904249721627,2.734375,1.4140625
3400,-0.0996291276106706,1.3984375,0.7109375
3400,-0.17819086804037965,0.93359375,0.55859375
3400,-0.10435262647508749,1.2421875,0.640625
3400,0.1944360587979727,2.625,1.40625
3400,0.3151266291000667,2.859375,1.5859375
3400,-0.09831745194909267,1.2734375,1.046875
3400,0.33665257265520976,2.65625,1.65625
3400,-0.056682001602997745,1.25,1.1484375
3400,0.3563791521304216,2.828125,1.75
3400,0.24586311848958273,2.3125,1.3671875
3400,-0.060649940294080884,2.015625,0.8671875
3400,0.30852469048963205,2.6875,1.453125
3400,0.15192143445746947,1.734375,0.90625
3400,0.3792769363340662,1.96875,0.921875
3500,-0.09698754442172407,1.0390625,0.65625
3500,0.06967335199522692,2.140625,1.078125
3500,0.25548435468611214,2.46875,1.203125
3500,0.2975854392352436,2.65625,1.6015625
3500,0.17909763591443292,2.203125,1.1796875
3500,0.0010101753498237907,1.640625,0.9453125
3500,0.5154563224752678,2.828125,1.4609375
3500,0.009904709613303336,1.5234375,0.84375
3500,0.3649780408827281,2.65625,1.4453125
3500,0.11648806822517747,1.7109375,0.8984375
3500,0.12754082631777938,2.1875,1.1484375
3500,-0.17385157327481526,0.78515625,0.435546875
3500,0.29642971106584376,2.703125,1.6015625
3500,0.3572623788971449,2.875,1.4453125
3500,-0.04380517761318548,1.4609375,1.0625
3500,-0.14052453184836008,0.7890625,0.478515625
3600,0.23796797824571267,2.671875,1.4453125
3600,-0.07702744329780464,1.171875,0.7890625
3600,0.2530999838323565,2.5,1.375
3600,0.0618022998973683,1.4375,0.86328125
3600,-0.16540932237250616,0.59765625,0.51171875
3600,-0.07811400355287078,1.2734375,1.1484375
3600,0.006891225679702245,1.7890625,0.8828125
3600,0.3314536278933742,2.953125,1.4921875
3600,0.4545573893608554,2.609375,1.4296875
3600,0.10826112711615636,1.7109375,0.98046875
3600,-0.13390672990746236,0.80078125,0.494140625
3600,0.16977821843412674,2.171875,1.2265625
3600,0.23915928070410508,2.53125,1.265625
3600,0.22841894704145652,2.234375,1.2421875
3600,0.2735719737022959,2.4375,1.40625
3600,0.018450525348132785,1.375,0.9453125
3700,0.20549643667963982,2.6875,1.34375
3700,0.20798392663109508,2.859375,1.3515625
3700,-0.00016669581503564012,1.7890625,1.375
3700,0.276668657438482,2.53125,1.3359375
3700,0.004817379777340739,2.15625,0.8671875
3700,-0.042875079217657264,1.53125,0.8203125
3700,0.15974265593347634,2.21875,1.2890625
3700,0.14368544354950583,2.5,1.3125
3700,0.2966314758483704,3.109375,1.359375
3700,0.5458014690279334,3.046875,1.65625
3700,0.024249691356820275,1.9140625,1.0546875
3700,0.22727208317940686,2.484375,1.3359375
3700,0.3196060467093667,2.96875,1.640625
3700,-0.0501606519240309,1.40625,0.71484375
3700,0.06471768649102631,2.078125,1.265625
3700,0.04572869308425946,1.9375,1.1796875
3800,-0.010357046519290189,1.3515625,0.7578125
3800,0.011255261017059098,1.1875,1.453125
3800,-0.26735905966659756,0.034423828125,0.0150146484375
3800,-0.11145303374671645,0.75390625,0.416015625
3800,0.4569810840323415,2.71875,1.484375
3800,0.4879371295019007,2.9375,1.59375
3800,0.21631533180225798,2.25,1.1484375
3800,-0.14394084616690805,0.6015625,0.41015625
3800,0.5039402485704672,3.015625,2.0
3800,-0.20955807613678112,0.20703125,0.1064453125
3800,0.012538954741683006,1.78125,0.671875
3800,0.31999881008273934,2.296875,1.5859375
3800,-0.09125282899473579,0.88671875,0.42578125
3800,-0.019309885769205896,1.2265625,0.8984375
3800,0.3849646894819319,2.640625,1.4140625
3800,0.14121455097298,1.953125,1.046875
3900,0.2876243285252071,2.71875,1.3828125
3900,0.1371923982091584,1.953125,1.15625
3900,0.36329608897368976,2.78125,1.546875
3900,0.13826671640669438,2.25,1.125
3900,0.1282059821959725,1.96875,1.3671875
3900,0.13037941751445173,2.203125,1.2265625
3900,0.008484301058641881,1.578125,0.87109375
3900,-0.22649558091376942,0.68359375,0.46875
3900,-0.18880939474886022,0.74609375,0.7890625
3900,0.04000079935933209,1.8359375,0.9453125
3900,0.2514174935565195,2.484375,1.328125
3900,0.3661740209050392,3.0,1.6484375
3900,-0.34847824878300937,0.058349609375,0.1357421875
3900,0.38036689061399676,2.78125,1.5546875
3900,0.33657442470317195,2.734375,1.609375
3900,0.3715205772675136,2.71875,1.5703125
4000,0.04955776394829131,2.03125,1.3203125
4000,-0.3567397557195409,0.318359375,0.546875
4000,0.3787330535892053,2.96875,1.5625
4000,0.09286497445696659,2.0625,1.1328125
4000,0.1720205875287908,2.34375,1.3046875
4000,0.5512666669159829,3.15625,1.7578125
4000,0.1096508849006897,2.390625,1.1875
4000,-0.20484116324213997,0.9609375,0.64453125
4000,0.2803102724966009,2.65625,1.4921875
4000,0.27800240772682194,2.703125,1.5859375
4000,0.2658823674372505,2.453125,1.375
4000,0.5491714314873494,3.09375,1.6171875
4000,0.22642320525611545,2.84375,1.453125
4000,-0.2613123845338687,0.60546875,0.60546875
4000,0.44711969995065703,2.875,1.5703125
4000,-0.1381686059491725,1.2578125,0.73046875
4100,0.21055863658910523,2.3125,1.2734375
4100,0.2081803506159098,2.28125,1.2109375
4100,0.21189827693600868,2.265625,1.125
4100,0.4728598174571201,2.953125,1.6015625
4100,0.2907601729406659,2.609375,1.375
4100,0.02467284492037909,1.515625,0.953125
4100,0.32747176284273416,2.609375,1.46875
4100,-0.2424341100631139,0.234375,0.1650390625
4100,-0.22228168560091177,0.251953125,0.1572265625
4100,0.1617651559283272,2.15625,1.2421875
4100,-0.1521300973752268,0.765625,0.46875
4100,0.06265358804471353,1.578125,1.046875
4100,0.12960291320008113,1.9375,1.1015625
4100,0.2656595275939883,2.46875,1.359375
4100,-0.08012603140538929,1.0859375,0.6328125
4100,0.1948415140943581,2.15625,1.140625
4200,0.19187275951045465,2.5625,1.359375
4200,0.09725124430148853,1.9296875,1.0390625
4200,0.33997104261298566,2.71875,1.484375
4200,0.1131628980015211,2.078125,1.5703125
4200,0.2637452001449073,2.640625,1.4296875
4200,-0.07120489133262578,1.7578125,0.89453125
4200,0.4509244239592871,2.84375,1.515625
4200,-0.246960291693983,0.5078125,0.55859375
4200,0.20407294792338707,2.5625,1.296875
4200,0.461893510130277,3.046875,1.90625
4200,0.40008218394561107,2.71875,1.6875
4200,0.29388369744946946,2.453125,1.3125
4200,-0.00731026165674604,1.875,1.0625
4200,-0.12465980115262329,1.1484375,1.5390625
4200,-0.2688062963674785,0.51171875,0.56640625
4200,0.17234530609906595,2.421875,1.3125
4300,0.418296389916507,3.140625,1.7109375
4300,-0.12152932459250806,1.3046875,0.8125
4300,0.09226159937068129,2.09375,1.015625
4300,0.20323672056025566,2.40625,1.296875
4300,0.16823536695509309,2.234375,1.375
4300,0.26448990857233,2.671875,1.3828125
4300,0.37486137954926985,2.828125,1.65625
4300,-0.11950010412764321,1.3671875,0.6953125
4300,0.15786504011396613,2.21875,1.3125
4300,0.03823605024532757,1.859375,0.98828125
4300,0.004613175680656134,1.7265625,0.77734375
4300,0.15520709957360354,1.96875,1.2109375
4300,-0.12791571256434536,1.1484375,0.796875
4300,0.2543911191998104,2.578125,1.4375
4300,0.17124263003706372,2.484375,1.3046875
4300,0.26571569275993123,2.421875,1.328125
4400,-0.012106622544122534,1.5078125,0.7578125
4400,0.2708741231431597,2.671875,1.40625
4400,0.4756857257996725,3.125,1.765625
4400,0.3928069536603527,2.859375,1.546875
4400,-0.1759965356353174,0.53515625,0.4296875
4400,0.023854251514273513,1.7421875,0.8671875
4400,0.23018168128935934,2.3125,1.1875
4400,-0.29375867740657785,0.07080078125,0.1845703125
4400,0.36333195245035443,2.59375,1.421875
4400,0.13032060991783267,1.828125,1.1640625
4400,-0.23625429821981966,0.478515625,0.451171875
4400,0.3153539395019309,2.578125,1.3828125
4400,0.06924636083859717,1.6015625,0.80078125
4400,0.23653770333873478,2.359375,1.34375
4400,-0.0041368886030690305,1.6875,0.83984375
4400,0.1448763713452618,2.234375,0.97265625
4500,0.11871834300681984,2.03125,1.09375
4500,0.11533659119743105,1.9453125,1.609375
4500,0.1489790512764147,2.078125,1.0390625
4500,0.34031520854362673,2.796875,1.75
4500,0.262364474262716,2.65625,1.40625
4500,0.27085825842993827,2.609375,1.46875
4500,0.0027415967279248747,1.53125,1.015625
4500,0.08738984821602008,2.09375,1.0859375
4500,0.21362194815817862,2.515625,1.25
4500,0.019904754739618016,2.03125,0.9140625
4500,0.2634378139547087,2.578125,1.40625
4500,-0.013037765283761374,1.5078125,0.90234375
4500,-0.0582108411553725,1.3984375,0.984375
4500,0.29584737997462607,2.671875,1.4296875
4500,0.2863393927795299,2.59375,1.4375
4500,-0.26134433607841856,0.353515625,0.439453125
4600,-0.17414087166089107,0.68359375,0.408203125
4600,-0.04883454654069899,1.3203125,0.92578125
4600,0.14008163575790525,1.8046875,1.15625
4600,0.19152868762097316,2.125,1.1484375
4600,0.34562832966729495,2.65625,1.4765625
4600,-0.22821349433986185,0.263671875,5.59375
4600,-0.07710972452027126,1.25,0.67578125
4600,0.14566742993334783,2.140625,1.1015625
4600,-0.03264779866400968,1.4453125,0.73828125
4600,0.4208814859402753,2.796875,1.640625
4600,-0.13140455685807262,0.92578125,0.6328125
4600,0.28044665344421255,2.390625,1.34375
4600,0.1473502724922648,1.9609375,1.1171875
4600,0.29376374658327853,2.390625,1.296875
4600,0.2494454872709759,2.625,1.375
4600,0.3281432013732792,2.40625,1.25
4700,-0.2676393665470813,0.26953125,0.2216796875
4700,0.2573171550888348,2.578125,1.4296875
4700,0.24367487010602232,2.53125,1.28125
4700,0.35195681424695074,2.65625,1.4921875
4700,-0.14300388233728054,0.89453125,0.703125
4700,0.1870090830610363,2.4375,1.265625
4700,0.4679908902512421,2.953125,1.65625
4700,-0.3153710572088506,0.109375,0.15625
4700,0.09194048270522873,1.8828125,1.140625
4700,0.24860301173435917,2.390625,1.25
4700,0.3582973144477047,2.875,1.5546875
4700,0.47550643822323513,2.84375,1.5859375
4700,0.07440588108722865,2.03125,1.203125
4700,0.07995687038655805,1.7109375,0.90234375
4700,-0.04446874375624375,1.7109375,0.7578125
4700,0.08421486351105496,2.0,1.171875
4800,-0.02957872087222676,1.7890625,1.0078125
4800,0.3223126714079105,2.859375,1.515625
4800,0.3876125443864946,2.96875,1.6015625
4800,-0.2899641722670775,0.337890625,0.212890625
4800,-0.0968277440387305,1.1796875,0.67578125
4800,-0.08419288520182072,2.015625,0.73046875
4800,0.0011196967041205465,1.8046875,0.8984375
4800,0.1481254893869151,2.21875,1.296875
4800,-0.14349248069367695,1.171875,0.609375
4800,0.11779481980421903,2.265625,1.203125
4800,0.2611364416914467,2.703125,1.3515625
4800,0.6496481234558629,3.015625,1.7265625
4800,0.33638634634679593,3.09375,1.5546875
4800,0.3755823723070553,2.9375,1.8515625
4800,0.2158112238103693,2.515625,1.3984375
4800,0.18436123470984317,1.9921875,1.109375
4900,0.2886716640997895,2.625,1.40625
4900,0.05760422820452127,2.25,1.171875
4900,0.27215990659730893,2.84375,1.6015625
4900,0.27316389507844563,2.84375,1.4921875
4900,0.2258663562999501,2.734375,1.4609375
4900,0.5866551550662872,3.296875,1.625
4900,0.40630896588220833,2.890625,1.5390625
4900,0.01126732987065017,1.71875,1.0078125
4900,-0.09052187713545148,1.4453125,0.8125
4900,0.2866722417231203,2.734375,1.46875
4900,-0.2814102716185721,0.59375,0.453125
4900,0.38802402932354124,2.984375,1.640625
4900,-0.013009504622981168,1.828125,0.9296875
4900,0.1033640089836379,2.34375,1.4609375
4900,0.19484589623700968,2.8125,1.4296875
4900,-0.06659561773946546,1.671875,1.03125
5000,0.30729552460343484,2.34375,1.328125
5000,-0.19550156101493996,0.7109375,0.365234375
5000,0.3098363892075811,2.625,1.390625
5000,-0.1254213637165784,1.2421875,0.6640625
5000,0.007729102624805752,1.4296875,0.8359375
5000,0.09496222697658255,1.9609375,0.98046875
5000,0.1623105149191087,1.96875,1.21875
5000,0.3910163181761809,2.75,1.5
5000,-0.060643575348262924,1.1796875,0.5546875
5000,-0.09398844231939943,1.046875,0.65234375
5000,0.1387593506536866,1.9921875,1.265625
5000,0.0741452081447199,2.15625,0.84765625
5000,0.39803369303222863,2.671875,1.4765625
5000,0.3185316648412352,2.546875,1.4921875
5000,0.05501765088210404,1.7109375,1.15625
5000,0.14028057958751305,1.9921875,1.078125
5100,0.33180297043451357,2.921875,1.53125
5100,0.38061681445995393,2.921875,1.8125
5100,0.17125206484867145,2.34375,1.3515625
5100,-0.11189420620883025,1.5,0.75390625
5100,0.030892854465412987,1.9609375,1.109375
5100,-0.3620281693458459,0.0849609375,0.2275390625
5100,0.340924332644352,2.921875,1.515625
5100,0.12382151093806351,2.3125,1.203125
5100,-0.12306384373818456,1.4609375,0.72265625
5100,0.346325437358323,3.015625,1.5390625
5100,0.3255208398616364,2.765625,1.5078125
5100,0.2250655779414814,2.59375,1.28125
5100,0.30638724942592105,2.828125,1.8828125
5100,0.0924917431553907,2.0625,1.21875
5100,0.18678944006026527,2.21875,1.453125
5100,0.09386003213637499,2.015625,1.1640625
5200,0.13421006761250892,2.015625,1.1953125
5200,0.17243443579803458,2.140625,1.2265625
5200,-0.02681691639252671,1.5234375,0.7890625
5200,-0.03598653443724248,1.78125,0.6640625
5200,-0.1336959560350674,0.796875,0.53515625
5200,0.0823618064552635,1.984375,1.015625
5200,0.31260158832595347,2.390625,1.4453125
5200,-0.09545419574457666,1.125,0.63671875
5200,0.15049934498823653,1.8828125,0.99609375
5200,-0.16464927383001118,0.6171875,0.6015625
5200,0.5142775961478852,2.96875,1.5703125
5200,0.20211792739866466,1.9453125,1.109375
5200,0.12814429933131086,2.28125,1.53125
5200,0.4689727637081877,3.015625,1.9296875
5200,-0.2287673085242668,0.310546875,0.322265625
5200,0.4200189098851452,2.984375,1.546875
5300,0.17287216618017426,2.171875,1.28125
5300,0.25510242078342626,2.796875,1.390625
5300,-0.04886994577145941,1.4921875,1.125
5300,0.12216454993032114,2.09375,1.0625
5300,-0.057504272030053205,1.515625,0.76953125
5300,0.015852780216745074,1.734375,0.97265625
5300,0.3656095064982756,2.9375,1.625
5300,-0.17690596896593003,0.83984375,0.66015625
5300,-0.17440346224413628,0.80859375,0.515625
5300,0.30171853660120274,2.515625,1.3515625
5300,0.6932528762524357,3.4375,1.75
5300,0.24234003239056984,2.296875,1.2578125
5300,0.22072184588415047,2.609375,1.6015625
5300,0.07421801728544886,1.859375,1.03125
5300,0.11326470991573534,2.0,1.0859375
5300,0.020458785198091804,1.796875,1.0546875
5400,0.3710343952922083,2.953125,1.90625
5400,0.03432718555316211,1.8203125,1.0703125
5400,0.09747823816808202,1.8515625,1.234375
5400,-0.04759695588699498,1.3671875,0.890625
5400,0.17576889228393186,2.234375,1.234375
5400,-0.18193465720477472,0.625,0.50390625
5400,0.28213428895323445,2.28125,1.2578125
5400,0.175858154432373,2.234375,1.5859375
5400,0.3095684973663495,2.609375,1.4609375
5400,0.4252678202006327,2.90625,1.8125
5400,0.09274924496076829,1.984375,1.125
5400,-0.06293543030320368,1.265625,0.74609375
5400,0.058409180402930506,1.765625,1.015625
5400,0.1726549995577338,2.3125,1.40625
5400,0.10392192143793706,1.9375,1.0234375
5400,0.09680984978563129,2.109375,1.0625
5500,-0.10036478183275066,1.5234375,1.203125
5500,0.337686019752817,2.921875,1.6171875
5500,0.1451110776593198,2.5625,1.3671875
5500,-0.023122229441565393,1.8515625,0.96875
5500,0.1747445064484131,1.8359375,1.1171875
5500,0.05835707627875595,1.9921875,1.0703125
5500,0.22844595298364795,2.296875,1.2578125
5500,0.10733990180826113,2.171875,1.203125
5500,0.12951486317501973,2.078125,1.2421875
5500,0.12154161946993976,2.125,1.40625
5500,0.4280347294415652,2.796875,1.515625
5500,0.05193240680760217,2.0625,1.1171875
5500,0.24750811029248537,2.796875,1.453125
5500,0.24289753410651896,2.65625,1.6875
5500,0.09450803647307562,2.03125,1.1484375
5500,0.1054745515768955,2.296875,1.3203125
5600,0.3533080378605775,3.015625,1.578125
5600,-0.09310247739998714,1.53125,1.0546875
5600,0.06665458671645183,1.984375,0.84375
5600,-0.20211523512837,1.078125,0.63671875
5600,0.38786064114921615,2.90625,1.515625
5600,0.07025497267489454,1.9921875,1.3359375
5600,0.22167980231573967,2.546875,1.625
5600,0.03388341585714633,1.9296875,1.234375
5600,0.33788239132286957,2.71875,1.46875
5600,0.4884413748306807,3.03125,1.609375
5600,0.22430507579985112,2.71875,1.5078125
5600,0.33164931964194716,2.953125,2.0625
5600,0.19755544599714536,2.578125,1.53125
5600,0.17390201292305782,2.21875,1.265625
5600,0.16490893428945205,2.421875,1.359375
5600,-0.24071087697567156,0.72265625,0.4296875
5700,0.0428006250802149,2.0,1.125
5700,0.00190882768219193,2.09375,1.0546875
5700,-0.061464013945581285,1.5703125,1.2421875
5700,0.4385428606739393,2.734375,1.515625
5700,0.25677235523807757,2.59375,1.3828125
5700,0.06855630577647182,2.140625,1.109375
5700,0.25474504274479853,2.359375,1.2265625
5700,0.2615660564804122,2.71875,1.40625
5700,-0.32823760929012363,0.1416015625,0.07666015625
5700,0.17987337433887693,2.5,1.5390625
5700,0.12754309629985866,2.09375,1.265625
5700,0.1138814365620277,2.171875,1.203125
5700,0.29819963959651413,2.9375,1.53125
5700,0.3029398484788862,2.859375,1.5078125
5700,0.22357628208651156,2.640625,1.4140625
5700,0.22980661438442215,2.546875,1.3671875
5800,0.3932003483062074,2.734375,1.4765625
5800,0.3874729042875531,2.734375,1.46875
5800,-0.08586923228681052,1.4453125,0.5078125
5800,0.18915724819885013,2.03125,1.1328125
5800,0.1967530831364818,2.0,1.203125
5800,0.2388487390647546,2.578125,1.3125
5800,0.03897234610008046,1.6953125,0.93359375
5800,0.11780347324116858,2.21875,1.125
5800,0.4088503629833708,2.828125,1.5
5800,-0.09762515726461052,1.28125,0.625
5800,0.246732886601246,2.140625,1.1640625
5800,-0.14508009434142236,0.74609375,0.546875
5800,-0.12110000878028244,0.890625,0.6015625
5800,0.2859604668551934,2.453125,1.359375
5800,-0.15049731761294266,0.83984375,0.82421875
5800,0.04075588901116242,1.6796875,0.88671875
5900,-0.07283471663969722,1.5078125,0.74609375
5900,0.20556330105712453,2.296875,1.265625
5900,0.3988490287083797,2.484375,1.390625
5900,0.25183643508997516,2.5,1.2890625
5900,-0.29491656875026007,0.0908203125,0.275390625
5900,0.16532571076926544,2.296875,1.1953125
5900,0.2905248592173881,2.375,1.3671875
5900,0.05446424044705285,1.96875,0.91015625
5900,0.32514357362201557,2.59375,1.4453125
5900,0.27072262842680317,2.3125,1.59375
5900,-0.2393570539025863,0.458984375,0.341796875
5900,-0.029974828413231753,1.2421875,0.77734375
5900,0.1866189452908206,2.328125,1.28125
5900,0.2944357315400524,2.65625,1.375
5900,0.08738410660791027,1.90625,1.03125
5900,0.1458874584914871,2.234375,1.2265625
6000,0.2866467433824852,2.609375,1.4453125
6000,0.1145617140942825,2.09375,1.109375
6000,0.29901133041762906,2.53125,1.328125
6000,0.577469243142925,2.921875,1.6484375
6000,0.08719192780960375,1.9609375,0.9140625
6000,0.08101201077568264,1.6875,1.0078125
6000,-0.07877192079838555,1.28125,0.6875
6000,0.099155766856841,1.8203125,0.97265625
6000,-0.16864290710916682,0.5234375,0.314453125
6000,0.16344496337538322,2.359375,1.1953125
6000,0.4444576522598489,2.828125,1.578125
6000,0.3082328553336858,2.28125,1.3125
6000,-0.050741705018072215,1.34375,0.6875
6000,-0.03348559520449174,1.1796875,0.859375
6000,-0.18625041328571593,0.66015625,0.5390625
6000,-0.08757877540753532,1.015625,0.65625
6100,0.45347532847604927,3.34375,2.15625
6100,-0.3114946430136428,0.068359375,0.158203125
6100,-0.16514517862034328,0.8125,0.65234375
6100,-0.0001269663787547024,1.9921875,0.91796875
6100,0.34919526101882126,2.703125,1.5078125
6100,0.1444593099866171,1.9921875,1.140625
6100,-0.12071700735516663,1.03125,0.55078125
6100,0.18013791212449667,2.390625,1.2421875
6100,-0.0787072933177121,1.140625,0.64453125
6100,0.25973557329511293,2.53125,1.2890625
6100,0.43255598242428606,2.84375,1.5703125
6100,-0.20240522312634718,0.56640625,0.30078125
6100,0.1612028616118583,2.453125,1.328125
6100,0.41037267251858905,2.90625,1.546875
6100,0.13166477361139825,2.125,1.109375
6100,0.3820112363541141,2.90625,1.7734375
6200,-0.003213611150134582,1.7109375,0.9296875
6200,0.16500833596741793,2.28125,1.2421875
6200,0.16537939266679505,2.25,1.453125
6200,-0.15069180000771804,0.8203125,0.51953125
6200,-0.020690100741272623,1.234375,0.7734375
6200,0.20423427306200728,1.953125,1.2265625
6200,0.2924801790006872,2.515625,1.328125
6200,-0.022703488763840367,1.5,0.90234375
6200,0.2285757079617433,2.140625,1.1015625
6200,0.19029177975886963,2.46875,1.1015625
6200,0.10678411084358366,1.921875,1.078125
6200,0.5646295813886631,3.125,1.7890625
6200,0.17486384993045137,2.375,1.3125
6200,0.21982189842492603,2.40625,1.390625
6200,-0.2550744620071767,0.359375,0.75
6200,0.20231607241499827,2.0,1.1953125
6300,0.22117427811988377,2.59375,1.3046875
6300,0.24763553264769095,2.609375,1.4296875
6300,-0.13606691748464209,1.09375,0.828125
6300,-0.16597800339309157,0.83203125,1.0
6300,-0.035689020083648944,1.0703125,0.625
6300,0.14985942278207928,2.0,1.203125
6300,0.14143285897045677,2.234375,1.3046875
6300,0.4784115702331513,3.046875,1.90625
6300,0.26970728417090784,2.390625,1.5
6300,0.23573779941304362,2.453125,1.25
6300,0.22847431507836807,2.46875,1.265625
6300,-0.07961849785956224,1.109375,0.65625
6300,0.1392611562374258,2.453125,1.2265625
6300,-0.1789585623632012,0.75,0.46484375
6300,0.3630542598189573,2.703125,1.578125
6300,0.19211916433718176,2.140625,1.2734375
6400,0.2070270160828754,2.28125,1.296875
6400,0.2711019996713356,2.703125,1.5234375
6400,-0.016543729599393653,1.53125,0.8984375
6400,0.17154092881944452,2.09375,1.15625
6400,0.41873846086639105,2.890625,1.671875
6400,0.27450884154907584,2.625,1.3671875
6400,0.13285551735590798,2.265625,1.15625
6400,0.22463680674793932,2.375,1.3125
6400,0.2301913093850592,2.296875,1.2578125
6400,-0.16202566129616924,1.0,0.64453125
6400,-0.1444598419375763,0.9140625,0.52734375
6400,0.3039541546777877,2.640625,1.5078125
6400,0.3661663905755707,2.953125,1.59375
6400,0.09139910423777611,2.015625,1.1640625
6400,0.11513984296953046,2.03125,1.1796875
6400,-0.23911395260555396,0.5703125,0.546875
6500,0.016318602816454388,2.03125,1.1328125
6500,0.28427617440339636,2.84375,1.5703125
6500,0.11733092968500693,2.234375,1.2109375
6500,0.20974738433495713,2.390625,1.359375
6500,0.3727963330235306,2.796875,1.609375
6500,0.18106193548205263,2.421875,1.265625
6500,0.16176991115980383,2.234375,1.1953125
6500,0.39422299470819994,2.875,1.5703125
6500,-0.09401829113540539,1.171875,0.78125
6500,-0.30871035850813683,0.265625,0.46875
6500,0.11938250755050103,2.265625,1.2265625
6500,0.5616593877178604,2.859375,1.5625
6500,-0.27809690020808187,0.44921875,0.267578125
6500,0.14092822707078043,2.4375,1.375
6500,0.14910126214659916,2.375,1.46875
6500,0.34149259506498253,2.65625,1.5390625
6600,0.31736532255179684,2.640625,1.46875
6600,0.2830341104668986,2.609375,1.390625
6600,-0.042002590587038896,1.2890625,0.77734375
6600,0.1597513071048959,2.140625,1.09375
6600,0.1500774095858568,2.171875,1.2734375
6600,-0.1297010515417739,1.0234375,0.77734375
6600,0.4076560708009443,3.09375,2.09375
6600,-0.008621430175727045,1.515625,0.8828125
6600,0.013458195133317237,1.78125,0.90625
6600,0.39879452064049237,2.859375,1.5703125
6600,0.288420959479431,2.375,1.3046875
6600,0.1721833416068526,2.09375,1.0703125
6600,0.26993373792548614,2.359375,1.296875
6600,-0.2430977695779694,0.380859375,0.486328125
6600,0.1937120015916159,2.234375,1.3515625
6600,-0.1292795646925774,1.0859375,0.91015625
6700,0.17992530622047226,2.515625,1.34375
6700,-0.28037754373718676,0.38671875,0.4140625
6700,0.12903093794497597,2.046875,1.1640625
6700,0.25010915585878984,2.65625,1.609375
6700,0.1745139989025728,2.234375,1.1171875
6700,0.11786308436030113,2.109375,1.0859375
6700,0.34772515330806386,2.875,1.6171875
6700,-0.1225734732444206,1.078125,0.68359375
6700,0.029694975014677195,1.4765625,0.75
6700,-0.06105829355377699,1.328125,0.8046875
6700,0.2462856950205825,2.5,1.4609375
6700,0.21296912579336846,2.3125,1.3046875
6700,0.22201308405678508,2.609375,1.4375
6700,0.44508919790875334,3.03125,1.953125
6700,0.05871561490538547,1.8359375,1.03125
6700,0.2640632390531561,2.59375,1.390625
6800,-0.07411745151549834,1.734375,0.8984375
6800,0.32870471032873405,3.078125,1.578125
6800,-0.10631913709120751,1.8671875,1.0390625
6800,0.23514833629911797,2.671875,1.453125
6800,0.2900911597083471,2.84375,1.65625
6800,0.16456808386925575,2.515625,1.296875
6800,0.2433893329110128,2.453125,1.4375
6800,0.3133266717657343,3.015625,1.609375
6800,0.23211687706824446,2.734375,1.4921875
6800,0.045122846120893005,1.640625,1.140625
6800,0.30012763612255783,2.78125,1.75
6800,0.3505827971074072,2.734375,1.5078125
6800,0.08772585450573735,2.40625,1.25
6800,-0.24800059948731845,0.734375,0.57421875
6800,0.2307563870808011,2.796875,1.5546875
6800,0.19564368270618307,2.609375,1.453125
6900,-0.010298719596375853,1.609375,0.97265625
6900,-0.12464997581628447,1.53125,0.765625
6900,0.07814426572776163,2.0625,1.375
6900,0.3057116011917771,2.78125,1.46875
6900,0.3898550797292986,3.046875,1.84375
6900,-0.12190887116355874,1.5234375,0.76171875
6900,0.23019931689404327,2.140625,1.25
6900,-0.2109127512027902,0.7890625,0.55078125
6900,0.31110061101008346,2.828125,1.6328125
6900,0.28645220613804584,2.546875,1.484375
6900,0.18367068639910425,2.40625,1.2578125
6900,0.21783082697467435,2.359375,1.234375
6900,0.23467751833669803,2.609375,1.3046875
6900,-0.04280276649348905,1.734375,0.890625
6900,0.3561618505734716,2.859375,1.5546875
6900,0.2863980275475395,2.796875,1.5
7000,0.42907893685090975,2.96875,1.5703125
7000,0.41956641824429886,2.734375,1.484375
7000,-0.002442110585811769,1.9453125,1.0078125
7000,0.37611094348901924,2.6875,1.4765625
7000,0.12263725932270865,2.15625,1.109375
7000,0.02402240933979213,1.53125,0.85546875
7000,0.04180806106870559,1.7109375,1.0
7000,0.04253365623092188,1.578125,0.8828125
7000,0.006253843243345205,1.6953125,1.359375
7000,0.30963328664065926,2.53125,1.4453125
7000,0.3093942048457187,2.6875,1.4296875
7000,0.08510063205566153,1.8046875,1.078125
7000,0.07267745196426842,2.03125,1.0625
7000,-0.18135613882103133,0.796875,0.53515625
7000,-0.08083921905459991,1.46875,0.75
7000,0.18426763079043337,2.21875,1.546875
7100,0.12136367423808828,2.375,1.2109375
7100,0.4622370812835173,3.25,1.6328125
7100,-0.1470794382538033,1.4609375,0.640625
7100,0.1819650660808377,2.515625,1.328125
7100,0.3523924450549455,2.578125,1.4296875
7100,0.3738058440149259,2.65625,1.5390625
7100,-0.02637164594303268,1.78125,0.92578125
7100,0.1851285579221129,2.578125,1.4140625
7100,-0.1843356055565531,0.87109375,0.78125
7100,0.15761927704998996,2.0625,1.1640625
7100,0.2659414027649863,2.515625,1.453125
7100,0.23043627594736052,2.65625,1.5859375
7100,-0.3122745288348801,0.357421875,0.2890625
7100,0.08352023488122105,2.078125,1.40625
7100,0.25472467954679867,2.8125,1.515625
7100,0.3234364454284864,2.78125,1.703125
7200,-0.0300669587790682,1.5390625,0.86328125
7200,0.15193357108928407,2.375,1.328125
7200,0.04824749062244176,2.0625,1.125
7200,0.36175456859221483,2.609375,1.3984375
7200,-0.13364973461868013,1.1328125,0.69921875
7200,-0.21838499924554564,0.6796875,0.55859375
7200,0.39170605555468874,2.6875,1.453125
7200,0.2886052212652799,2.96875,1.4765625
7200,0.2940302581912446,2.40625,1.4609375
7200,0.37240048676908993,2.828125,1.515625
7200,0.12267308181727114,2.4375,1.15625
7200,0.22365059970953544,2.265625,1.1875
7200,0.0229111283464799,1.921875,1.0390625
7200,0.08804879839669888,1.8828125,0.98046875
7200,0.19908572105520358,2.5,1.4140625
7200,0.013587914358861622,1.796875,1.125
7300,-0.2480825447068122,0.42578125,0.26171875
7300,0.23057933365191643,2.640625,1.4375
7300,0.14577831468932537,2.25,1.3359375
7300,0.4263058103707271,2.703125,1.484375
7300,0.03987214535139345,1.8203125,0.94921875
7300,0.5754971351348304,3.375,1.8671875
7300,-0.11793364398188648,0.87109375,0.486328125
7300,0.019648443776275844,1.8828125,0.97265625
7300,-0.1715271596757193,0.70703125,0.451171875
7300,-0.15577404806293935,1.0703125,0.6015625
7300,-0.08766954295433303,1.5390625,0.6640625
7300,0.2906414754543416,2.421875,1.4609375
7300,0.20248945699482845,2.421875,1.3828125
7300,0.35364195649456837,3.140625,1.671875
7300,0.3643514687488069,2.84375,1.546875
7300,0.3508093284021745,2.859375,1.8984375
7400,0.32105603068806193,2.421875,1.5078125
7400,0.32628266239240433,2.671875,1.546875
7400,0.1722239358596049,2.234375,1.2421875
7400,-0.15700105103501102,1.0234375,0.62109375
7400,0.4542719922167669,2.78125,1.6484375
7400,0.16425989206106395,2.34375,1.390625
7400,0.23716273084012326,2.328125,1.390625
7400,0.1439193273902747,2.0625,1.1953125
7400,-0.0713687467236539,1.4921875,0.87109375
7400,-0.12397215119678476,1.171875,0.6640625
7400,0.06650009543136966,1.828125,1.5390625
7400,0.14499350180797943,2.125,1.109375
7400,0.3874784053619985,3.078125,1.6875
7400,0.35705025559022135,3.015625,1.734375
7400,-0.29410495382709745,0.3125,0.2060546875
7400,0.13943654970517755,2.015625,1.109375
7500,0.19060938418135717,2.0625,1.15625
7500,0.3146635567638745,2.515625,1.4140625
7500,0.07604535839865431,1.7578125,1.046875
7500,-0.1224880941188804,0.80078125,0.470703125
7500,-0.06648449406496283,0.921875,0.54296875
7500,-0.26181105811506183,0.177734375,0.140625
7500,0.12762341111579378,1.96875,1.0390625
7500,-0.1643104550668516,0.546875,0.70703125
7500,0.23735653590929484,2.1875,1.21875
7500,0.356492792859809,2.578125,1.3359375
7500,0.27982388977938266,2.484375,1.265625
7500,0.272889976822765,2.25,1.3515625
7500,0.24664874517843297,2.4375,1.40625
7500,0.10276974581137188,2.03125,1.0390625
7500,-0.2302689437054912,0.2470703125,0.2099609375
7500,0.4125343748130127,2.78125,1.8203125
7600,0.1497071537728765,2.109375,1.15625
7600,0.3195688236866219,2.75,1.4765625
7600,-0.0038657999525431286,1.8046875,0.9140625
7600,0.196295610284355,2.21875,1.2890625
7600,0.28519362563976847,2.34375,2.078125
7600,-0.09988153054627667,1.2421875,0.64453125
7600,-0.2775127500591853,0.1806640625,0.21875
7600,0.4846445337052279,2.828125,1.65625
7600,-0.2710424883140946,0.1640625,0.46484375
7600,-0.08215097029977395,1.421875,0.7421875
7600,-0.26182435880905086,0.2490234375,0.11669921875
7600,0.5281057647240999,3.0625,1.59375
7600,0.41602560788820503,2.984375,1.5390625
7600,0.06287559801038808,2.03125,1.078125
7600,0.18759005515697422,2.296875,1.34375
7600,0.37274085167490967,2.796875,1.4765625
7700,0.07145079523815484,1.6953125,1.046875
7700,-0.0423720841201035,1.875,0.734375
7700,-0.013609771019521393,1.21875,0.94140625
7700,-0.08420711071324792,1.203125,0.859375
7700,0.5716638114611636,3.3125,1.890625
7700,0.04795877937370243,1.5234375,0.86328125
7700,-0.008356386377565595,1.3359375,0.84765625
7700,-0.041412871246727434,1.0390625,0.57421875
7700,0.3474028678871174,2.5,1.3203125
7700,0.33278426913018877,2.609375,1.3359375
7700,0.234921873444142,2.40625,1.2421875
7700,-0.2814795955316251,0.04345703125,0.057373046875
7700,0.4794586590811257,2.734375,1.546875
7700,-0.08654190597305543,0.84375,0.8828125
7700,0.2137708986702184,2.125,1.15625
7700,0.07553859589134541,1.6953125,1.1171875
7800,0.04511435530615214,2.03125,1.03125
7800,-0.19828080285057825,0.76171875,0.423828125
7800,0.10552734625942627,2.0,1.1328125
7800,0.20062873126764727,2.234375,1.3203125
7800,0.2351524073474272,2.609375,1.4140625
7800,0.24110244036562362,2.53125,1.484375
7800,0.07054905340969785,1.828125,1.140625
7800,-0.27472211150394715,0.361328125,0.53515625
7800,0.35306458062878904,2.734375,1.59375
7800,0.4242336598676924,2.734375,1.7265625
7800,0.35433775785304167,2.921875,1.5703125
7800,-0.07978756460011364,1.3359375,0.8359375
7800,0.1514531713295386,2.375,1.34375
7800,-0.1099404924123188,1.484375,0.640625
7800,0.3440048142124806,2.640625,1.3828125
7800,0.3536271066444403,3.375,1.8515625
7900,0.17280178472243898,2.09375,1.25
7900,-0.03636654721959899,1.46875,0.7734375
7900,0.3927853726487273,2.703125,1.4296875
7900,0.3794069151253486,2.6875,1.484375
7900,-0.18517786973226427,0.59765625,0.53515625
7900,0.09557917573420499,2.03125,1.140625
7900,0.16879762457594488,2.21875,1.1953125
7900,0.13960157683570754,2.046875,1.1484375
7900,0.2408048694659291,2.453125,1.28125
7900,0.13250957242356182,1.8203125,1.0859375
7900,-0.06492351575020029,1.8359375,0.67578125
7900,-0.23022640509718145,0.53125,0.35546875
7900,0.21582402809321768,2.4375,1.21875
7900,0.4066335412986527,3.0,1.53125
7900,-0.2280477104790822,0.494140625,0.462890625
7900,0.43307864204209345,3.078125,1.546875
8000,0.24160326123529238,2.6875,1.46875
8000,-0.12831341432276502,1.1796875,0.78515625
8000,0.3313496043751172,2.5625,1.5703125
8000,0.15439598415636038,2.078125,1.1328125
8000,-0.23204212554481132,0.453125,0.30859375
8000,0.21043960738697076,2.328125,1.359375
8000,0.2502061675087067,2.296875,1.28125
8000,0.010371171076102722,2.0625,0.80078125
8000,0.347688835760052,2.671875,1.4375
8000,-0.07303709020200716,1.4609375,0.734375
8000,0.0651399584708911,1.9453125,1.1015625
8000,0.4763752323983528,2.9375,1.5625
8000,0.37342015972851,2.953125,1.7265625
8000,0.034764694986545566,1.8671875,1.03125
8000,0.19649753875952589,2.171875,1.171875
8000,-0.1286105623353423,1.0078125,0.70703125
8100,-0.15727694824435565,0.70703125,0.69140625
8100,-0.08032296934294017,1.640625,0.640625
8100,0.2383768215698145,2.34375,1.453125
8100,0.4259025476232744,2.640625,1.4609375
8100,0.21242061246316607,2.15625,1.1015625
8100,0.40774200874537725,2.953125,1.65625
8100,0.43978266447636566,2.796875,1.6796875
8100,0.39111101411067173,2.453125,1.328125
8100,0.33095108724283595,2.5625,1.4765625
8100,-0.018337146599060657,1.5390625,0.76171875
8100,-0.26819754915223704,0.306640625,0.69921875
8100,0.21139692303681554,1.96875,1.1328125
8100,-0.2717836229498586,0.2373046875,0.189453125
8100,-0.26628562135293055,0.2421875,0.1171875
8100,0.21006424110015437,2.28125,1.1640625
8100,0.162473515397905,1.9140625,1.25
8200,0.4162401524040201,2.75,1.5
8200,-0.007169504024350207,1.34375,0.80078125
8200,0.38744658810563365,2.796875,1.421875
8200,0.19398411045199354,2.09375,1.0859375
8200,-0.18565114665336807,0.345703125,0.177734375
8200,0.3193762431091045,2.5625,1.3125
8200,-0.2334750209453088,0.18359375,0.1826171875
8200,-0.14408034552524285,0.6640625,0.47265625
8200,0.14266443830014372,1.9765625,1.0546875
8200,0.2675345343959966,2.265625,1.234375
8200,0.08236267765844188,1.96875,1.03125
8200,-0.1831688232950315,0.318359375,0.33203125
8200,0.05294342644118031,1.59375,0.90234375
8200,0.018351304301438567,1.578125,0.65234375
8200,0.35949097351894027,2.4375,1.34375
8200,0.19717138785015964,1.8359375,1.2421875
8300,0.13834567583024612,2.203125,1.1484375
8300,0.06642634287370625,2.140625,1.125
8300,-0.06876774205612092,1.34375,0.84375
8300,0.1600233592470901,2.09375,1.0859375
8300,0.24419372667263273,2.59375,1.375
8300,0.2742145977286599,2.640625,1.3125
8300,0.27314889036744544,2.546875,1.796875
8300,0.0768402089230214,2.046875,1.1640625
8300,-0.008842257427901968,1.6953125,0.83203125
8300,0.32218579800191105,2.828125,1.5546875
8300,0.18005912031761595,2.21875,1.59375
8300,0.5094630052564624,2.796875,1.828125
8300,-0.15159378297483755,0.99609375,0.84765625
8300,0.042645699255171976,1.6875,1.2734375
8300,-0.02123251963964853,1.6953125,1.0859375
8300,0.042479721374545566,1.8125,0.859375
8400,0.08549737717794373,1.9296875,1.1171875
8400,-0.11198893897443711,0.98828125,0.609375
8400,0.16731020057958534,1.96875,1.0859375
8400,0.061149934240022165,2.125,1.078125
8400,0.2954560145149991,2.53125,1.3515625
8400,0.055519917029585024,1.84375,1.0859375
8400,0.1466966701917875,1.875,1.15625
8400,0.35547107607019685,2.578125,1.4609375
8400,0.12785370617338393,2.0625,1.0546875
8400,0.12467714111517818,2.0,1.25
8400,0.2467715390458069,2.5625,1.359375
8400,-0.15779036837186267,0.8125,0.4453125
8400,0.07917720381831697,1.984375,1.1640625
8400,0.11097674477757487,2.15625,1.171875
8400,0.2589560302056883,2.421875,1.453125
8400,0.1945489555312308,2.421875,1.1640625
8500,0.19850064220718502,2.4375,1.1953125
8500,0.34102035097877376,2.65625,1.515625
8500,-0.2876542073513513,0.1328125,0.07080078125
8500,0.17693832729499268,2.0625,1.1796875
8500,-0.17590484316573185,0.71484375,0.435546875
8500,0.2975168803852398,2.84375,1.5234375
8500,0.3889810027862756,2.78125,1.421875
8500,-0.0411723927819142,1.4140625,0.70703125
8500,0.17303647122463,2.140625,1.125
8500,-0.1064799755339063,0.74609375,0.640625
8500,0.030149879452687097,1.875,0.94140625
8500,0.2929523131192807,2.4375,1.3671875
8500,0.43813448970192176,2.78125,1.6640625
8500,0.34630688022643524,2.703125,1.453125
8500,0.15513712343700145,1.9375,1.4765625
8500,-0.26152055916902056,0.1865234375,0.1328125
8600,-0.22262773928545404,0.384765625,0.6640625
8600,-0.2775660914335233,0.2314453125,0.1337890625
8600,0.25678392769881986,2.703125,1.4453125
8600,0.3355881199096043,2.921875,1.5
8600,0.14958804875137907,1.9609375,1.171875
8600,0.09313083960852517,2.03125,1.15625
8600,0.37195004985249097,2.640625,1.4296875
8600,-0.08364732402471652,1.1640625,0.63671875
8600,0.3363073688843703,2.53125,1.3828125
8600,0.4092887730216825,2.578125,1.4453125
8600,0.19449741420688632,2.578125,1.2890625
8600,0.15765394500248034,1.9296875,1.21875
8600,-0.0375334038411675,1.4375,0.953125
8600,-0.10133358080721361,1.21875,0.953125
8600,0.06220892355257594,1.8046875,1.4140625
8600,0.3561990101532585,2.671875,1.46875
8700,-0.2528995834731675,0.353515625,0.2080078125
8700,0.018693046295609774,1.6640625,1.140625
8700,-0.05576495610238286,1.3984375,0.8515625
8700,0.1812070710241364,2.21875,1.3359375
8700,0.07829948071134601,1.6953125,0.92578125
8700,0.14696413950632695,2.203125,1.21875
8700,0.04603995807794626,1.609375,1.90625
8700,-0.03203093241394022,1.3046875,1.328125
8700,0.17310916302935364,2.265625,1.1953125
8700,0.266558566219479,2.53125,1.4375
8700,0.23043472076155183,2.328125,1.3515625
8700,0.27011736137397724,2.421875,1.203125
8700,0.4853149376014611,2.734375,1.3984375
8700,-0.04465866389198907,1.3046875,0.953125
8700,0.0741447212320017,1.84375,1.0078125
8700,0.4128840559857893,2.859375,1.5234375
8800,0.014638178499018353,1.5,0.92578125
8800,0.1351180044646112,2.21875,1.203125
8800,-0.12703842282663094,1.109375,0.67578125
8800,0.2429311268836415,2.5,1.2734375
8800,0.3975956933637106,2.8125,1.5390625
8800,0.29356568660831395,2.625,1.40625
8800,0.3443374513344731,2.53125,1.34375
8800,-0.24673160356353677,0.32421875,0.30859375
8800,0.16494412377715575,2.0,1.203125
8800,0.011787956815862102,1.84375,0.93359375
8800,-0.06240009691643004,1.3203125,0.71875
8800,0.22975567299183014,2.046875,1.1796875
8800,0.17919026803274823,2.203125,1.4140625
8800,0.476044668897183,2.96875,1.5703125
8800,0.024780866087579925,1.9453125,0.99609375
8800,-0.03518461351203055,1.34375,0.72265625
8900,0.4387012762556859,2.828125,1.59375
8900,0.06746311404752953,2.0,1.0546875
8900,0.2797715507712266,2.46875,1.3046875
8900,0.041447207162022694,1.8359375,0.94921875
8900,0.4817760851776741,2.9375,1.578125
8900,0.03846726220895533,1.7578125,0.96484375
8900,-0.31055543247188633,-2.6106834411621094e-05,4.506111145019531e-05
8900,-0.14897429459832562,1.0703125,0.55078125
8900,-0.005358606137497908,1.6953125,0.84765625
8900,-0.18623976363610675,0.46484375,0.267578125
8900,0.223964034453993,2.5,1.296875
8900,0.5214697356426559,2.875,1.703125
8900,0.40677218037598006,2.90625,1.5703125
8900,0.3494212437677447,2.875,1.515625
8900,0.029565418112144335,1.75,1.0
8900,-0.26397259682515467,0.275390625,0.5859375
9000,0.24357614362633903,2.390625,1.3203125
9000,0.08944957552213405,2.125,1.609375
9000,-0.16882490895606153,1.046875,0.64453125
9000,-0.1800223788906407,1.0078125,0.6640625
9000,0.3878102180588506,2.875,1.796875
9000,0.3515048690025252,2.84375,1.5859375
9000,0.07329389505893402,2.0,1.2421875
9000,0.11580284836691061,2.203125,1.3046875
9000,-0.07189499110915124,1.578125,0.84765625
9000,0.26370207209240454,2.859375,1.453125
9000,0.009204328234699303,1.875,1.078125
9000,0.24200266227912692,2.484375,1.2890625
9000,0.25394011110417336,3.0,1.6953125
9000,0.22836996335912318,2.65625,1.3359375
9000,0.3245771386057519,2.828125,1.5703125
9000,0.252059234894879,2.5,1.359375
9100,0.2994541258220944,2.78125,1.46875
9100,0.007144824836621716,2.046875,1.234375
9100,0.39085428722752896,2.734375,1.5234375
9100,0.2633440484428764,2.65625,1.25
9100,-0.0994814550250097,1.2890625,1.078125
9100,0.04653535002324078,1.9140625,1.0625
9100,-0.03811465186289393,1.3203125,1.0078125
9100,0.07378348938388,2.125,1.09375
9100,0.16192927569392396,2.125,1.09375
9100,0.3234001900660101,2.703125,1.4609375
9100,0.15520701123962816,2.328125,1.296875
9100,0.08722392960771877,2.0625,1.0703125
9100,0.2090384742861304,2.65625,1.3828125
9100,0.1138220942252194,2.0625,1.234375
9100,-0.09085124461042435,1.3203125,0.671875
9100,0.37796025064345373,2.828125,1.5625
9200,0.0006466312116702777,1.640625,1.0234375
9200,0.09086482374504842,1.984375,1.046875
9200,0.3707415730807822,2.8125,1.46875
9200,-0.02673133784076166,1.484375,0.87890625
9200,0.15351758678604377,2.03125,1.1484375
9200,-0.06856308637109433,1.515625,0.75
9200,-0.021015717290522058,1.6171875,0.96875
9200,0.30175817581940595,2.6875,1.46875
9200,0.09461701149870104,1.8125,1.140625
9200,0.3614055599077571,2.65625,1.421875
9200,0.015095691889490727,1.7265625,0.90625
9200,0.1592672458563572,2.234375,1.15625
9200,0.3364445294397439,2.921875,1.5625
9200,0.4340327242473234,2.921875,1.640625
9200,0.07843968784579146,1.9140625,0.9921875
9200,-0.18701524045073847,0.6796875,0.423828125
9300,-0.2358631530036803,0.55859375,0.337890625
9300,0.04139990283696343,1.9296875,1.0703125
9300,0.369071226814635,2.640625,1.53125
9300,0.4413544121622745,3.0,1.6171875
9300,-0.22101626571128496,0.73046875,0.51953125
9300,0.6791531009572023,3.203125,1.6875
9300,0.20952464577523178,2.453125,1.359375
9300,-0.0170162097667957,1.984375,0.9765625
9300,-0.04980527490630024,1.4140625,0.79296875
9300,0.23480379694632622,2.296875,1.21875
9300,0.3089465090844489,2.640625,2.078125
9300,-0.19318868480152704,0.76171875,0.78515625
9300,0.37912825711614767,2.859375,1.796875
9300,0.20812469848402482,2.453125,1.3828125
9300,0.3168802828410736,2.828125,1.65625
9300,-0.24713201045373864,0.431640625,0.53515625
9400,0.20600336952544018,2.609375,1.4140625
9400,-0.06437146396355375,1.46875,0.734375
9400,-0.03899438336186387,1.4296875,0.92578125
9400,0.16876874474267048,1.9765625,1.0703125
9400,0.40019353309451045,2.984375,1.5703125
9400,0.04601479306283988,2.0625,1.0703125
9400,0.1268581474081475,2.421875,1.3203125
9400,0.4209986015070002,2.875,1.5390625
9400,0.16660300236872494,2.4375,1.3203125
9400,0.08544279517140856,2.125,1.1796875
9400,0.017301424042537285,1.7265625,1.0625
9400,0.08979130610058349,1.890625,1.0390625
9400,0.059489573035471574,2.125,1.1875
9400,-0.06446801500365966,1.4765625,1.390625
9400,0.24627194969743765,2.375,1.3515625
9400,0.40020990382230665,3.03125,1.6171875
9500,-0.08201333648989916,1.3984375,0.953125
9500,0.13817717623088727,2.328125,1.1328125
9500,0.28410965542703864,2.65625,1.390625
9500,-0.06457277544504096,1.3671875,0.828125
9500,0.4464897064740807,2.71875,1.4609375
9500,0.06078082681207673,1.6328125,0.9921875
9500,0.4009582987758774,2.8125,1.8828125
9500,0.30976799051642834,2.75,1.5390625
9500,0.1374916774631619,2.34375,1.2421875
9500,0.20430587821466714,2.296875,1.25
9500,-0.18033389167256353,0.91796875,0.65625
9500,0.09821721869710152,2.015625,1.078125
9500,0.012525684883692692,1.9609375,1.046875
9500,0.25485877546932256,2.5,1.3046875
9500,-0.19081479518745154,0.7890625,0.515625
9500,0.37122378483062135,2.78125,1.8125
9600,-0.0805625731039793,1.609375,0.8046875
9600,0.0023996581109862756,1.796875,1.0078125
9600,-0.17776161171727597,0.68359375,0.42578125
9600,-0.13078518728450367,1.1328125,0.640625
9600,0.30798996034347664,2.53125,1.3984375
9600,0.2762808575213852,2.71875,1.5625
9600,0.20408165410977902,2.4375,1.3671875
9600,0.10592414418264022,2.234375,1.1953125
9600,0.37283084292010077,2.609375,1.3828125
9600,0.39559125028617237,2.59375,1.4609375
9600,0.37553861551859596,2.8125,1.7578125
9600,-0.09157371431736654,1.390625,0.6875
9600,0.3004998265514866,2.6875,1.484375
9600,0.3422359012623665,2.75,1.4375
9600,0.16023711249687825,2.234375,1.34375
9600,-0.13001658063074084,1.0625,0.65625
9700,-0.165940172923864,1.0078125,0.482421875
9700,0.391564445146867,2.921875,1.609375
9700,-0.16888429517531084,0.8125,0.41796875
9700,0.03442347027972036,1.8203125,0.95703125
9700,0.01688161702663657,1.625,0.83984375
9700,0.10012060185907835,1.9921875,1.0390625
9700,0.03124072114951017,1.7578125,0.91015625
9700,0.10918505449628495,2.046875,1.1015625
9700,-0.08424490622225016,1.25,0.63671875
9700,0.20417632068452374,2.140625,1.3203125
9700,-0.12539384585683405,0.87109375,0.59375
9700,0.4474898508717844,3.03125,1.640625
9700,0.1543013482069146,2.1875,1.21875
9700,0.4740735637084272,2.84375,1.578125
9700,0.17111459755522232,2.21875,1.234375
9700,0.43186428544329003,3.078125,1.75
9800,0.1004820024159868,2.03125,1.28125
9800,0.4369917030614784,2.984375,1.921875
9800,0.2786046480049897,2.71875,1.53125
9800,0.37061463060051963,2.90625,2.0625
9800,0.11163913325173087,2.15625,1.125
9800,0.3033454043352481,2.765625,1.5
9800,-0.15471638928562786,0.97265625,0.6015625
9800,0.24668689601414176,2.5,1.4453125
9800,0.194463535016416,2.515625,1.28125
9800,-0.10039401727287478,1.1796875,0.72265625
9800,-0.07811229000491693,1.25,0.890625
9800,0.04655421714244968,1.6328125,0.92578125
9800,-0.12169700219485372,1.09375,0.83203125
9800,0.26108228567764713,2.671875,1.484375
9800,0.12747855997626514,2.15625,1.3125
9800,0.25358801138640014,2.453125,6.53125
9900,-0.3281030168893874,0.03173828125,0.01422119140625
9900,0.12292792391900373,2.296875,1.3984375
9900,0.24395873951386304,2.484375,1.3125
9900,0.4924183278720123,3.125,1.65625
9900,0.2519086105524521,2.390625,1.28125
9900,0.36504222315499224,2.8125,1.5078125
9900,-0.23708028546567395,0.51953125,0.6015625
9900,-0.15218372293667706,0.875,0.53515625
9900,0.17876038443740802,2.390625,1.4296875
9900,0.21843767456129207,2.46875,1.2734375
9900,0.1059511964194794,2.0625,1.25
9900,-0.006458433754762504,1.7734375,0.88671875
9900,0.3431793009047165,2.4375,1.375
9900,0.34277199921152246,2.6875,1.4609375
9900,-0.004000089340387777,1.5546875,0.890625
9900,0.2249294949885862,2.25,1.21875
10000,0.05428228368853366,1.7421875,0.984375
10000,0.33411675387329737,2.59375,1.359375
10000,0.1121279592261038,1.90625,1.0859375
10000,0.10066207816705841,1.8828125,0.9765625
10000,0.1597604725352769,1.734375,1.0546875
10000,0.04889309299641337,1.8359375,0.69140625
10000,-0.016934867693070794,1.4453125,0.8828125
10000,0.05304249669601233,1.765625,1.203125
10000,0.016184387454992896,1.578125,0.8125
10000,0.045057104278100384,1.6796875,0.953125
10000,0.31410677591722497,2.65625,1.3671875
10000,0.02909273360103447,1.71875,0.83984375
10000,-0.015961682436487115,1.4453125,0.93359375
10000,0.34063627025101656,2.6875,1.4765625
10000,0.3038297014292128,2.59375,1.546875
10000,0.06495209626527992,1.828125,0.96484375
